<?xml version="1.0" encoding="UTF-8"?>
<configuration>
  <property>
    <name>javax.jdo.option.ConnectionURL</name>
    <value>jdbc:mysql://mysql:3306/metastore?createDatabaseIfNotExist=true&amp;useSSL=false&amp;allowPublicKeyRetrieval=true</value>
  </property>

  <property>
    <name>javax.jdo.option.ConnectionDriverName</name>
    <value>com.mysql.jdbc.Driver</value>
  </property>

  <property>
    <name>javax.jdo.option.ConnectionUserName</name>
    <value>hive</value>
  </property>

  <property>
    <name>javax.jdo.option.ConnectionPassword</name>
    <value>hivepass</value>
  </property>

  <!-- Schema and Datanucleus -->
  <property>
    <name>datanucleus.autoCreateSchema</name>
    <value>false</value>
  </property>

  <property>
    <name>datanucleus.fixedDatastore</name>
    <value>true</value>
  </property>

  <property>
    <name>datanucleus.autoCreateTables</name>
    <value>false</value>
  </property>

  <!-- HiveServer2 and HDFS config -->
  <property>
    <name>hive.metastore.uris</name>
    <value>thrift://hive-metastore:9083</value>
  </property>

  <property>
    <name>fs.defaultFS</name>
    <value>hdfs://namenode:9000</value>
  </property>

  <!-- Allow proxying / impersonation -->
  <property>
    <name>hive.server2.enable.doAs</name>
    <value>false</value>
  </property>

  <property>
    <name>hadoop.proxyuser.root.hosts</name>
    <value>*</value>
  </property>

  <property>
    <name>hadoop.proxyuser.root.groups</name>
    <value>*</value>
  </property>

</configuration>
